design_name,true_area_1,pred_area_1,error_1,abs_error_1,true_area_2,pred_area_2,error_2,abs_error_2,true_area_3,pred_area_3,error_3,abs_error_3,true_area_4,pred_area_4,error_4,abs_error_4,true_area_5,pred_area_5,error_5,abs_error_5,true_area_6,pred_area_6,error_6,abs_error_6,true_area_7,pred_area_7,error_7,abs_error_7,true_area_8,pred_area_8,error_8,abs_error_8,true_area_9,pred_area_9,error_9,abs_error_9,true_area_10,pred_area_10,error_10,abs_error_10,true_area_11,pred_area_11,error_11,abs_error_11,true_area_12,pred_area_12,error_12,abs_error_12,true_area_13,pred_area_13,error_13,abs_error_13,true_area_14,pred_area_14,error_14,abs_error_14,true_area_15,pred_area_15,error_15,abs_error_15,true_area_16,pred_area_16,error_16,abs_error_16,true_area_17,pred_area_17,error_17,abs_error_17,true_area_18,pred_area_18,error_18,abs_error_18,true_area_19,pred_area_19,error_19,abs_error_19,true_area_20,pred_area_20,error_20,abs_error_20,mean_abs_error
sin,1.9627031,1.9466889,0.016014218,0.016014218,1.905096,1.933502,-0.028405905,0.028405905,1.8980798,1.926084,-0.028004289,0.028004289,1.8844166,1.9216948,-0.037278175,0.037278175,1.874446,1.9202754,-0.045829415,0.045829415,1.8740768,1.9205164,-0.04643953,0.04643953,1.8740768,1.9205974,-0.04652059,0.04652059,1.8700148,1.9202602,-0.050245404,0.050245404,1.8674299,1.9207846,-0.05335474,0.05335474,1.8637371,1.9198767,-0.05613959,0.05613959,1.86226,1.9203174,-0.058057427,0.058057427,1.8593057,1.9200311,-0.06072533,0.06072533,1.8563515,1.9191633,-0.06281185,0.06281185,1.8563515,1.9189255,-0.06257403,0.06257403,1.8563515,1.9188017,-0.06245017,0.06245017,1.855613,1.9187746,-0.06316161,0.06316161,1.855613,1.9188005,-0.06318748,0.06318748,1.8533974,1.91659,-0.063192606,0.063192606,1.8519202,1.9152589,-0.06333864,0.06333864,1.8515509,1.9166086,-0.065057635,0.065057635,0.05163943
sin,1.9708272,1.9471378,0.02368939,0.02368939,1.9483013,1.9338601,0.014441252,0.014441252,1.9390694,1.9269109,0.012158513,0.012158513,1.9139587,1.9236299,-0.009671211,0.009671211,1.8873707,1.9218441,-0.03447342,0.03447342,1.883678,1.9217603,-0.03808236,0.03808236,1.8766618,1.9212489,-0.044587135,0.044587135,1.8759232,1.9213474,-0.045424223,0.045424223,1.8659527,1.9202591,-0.054306388,0.054306388,1.8655834,1.9193726,-0.05378914,0.05378914,1.8655834,1.9187448,-0.053161383,0.053161383,1.8652142,1.9179237,-0.05270946,0.05270946,1.86226,1.9174154,-0.055155396,0.055155396,1.8611522,1.9180075,-0.05685532,0.05685532,1.8604136,1.9191138,-0.058700204,0.058700204,1.8604136,1.918461,-0.058047414,0.058047414,1.8593057,1.9181348,-0.05882907,0.05882907,1.8589364,1.918134,-0.059197545,0.059197545,1.8578286,1.916713,-0.058884382,0.058884382,1.8570901,1.9162565,-0.05916643,0.05916643,0.045066483
sin,1.9708272,1.9470239,0.023803353,0.023803353,1.9627031,1.9348615,0.027841568,0.027841568,1.915805,1.9270607,-0.011255741,0.011255741,1.9106351,1.9231263,-0.012491226,0.012491226,1.9021418,1.9212161,-0.01907432,0.01907432,1.8759232,1.9202381,-0.04431498,0.04431498,1.8718611,1.9189268,-0.047065735,0.047065735,1.8707533,1.9187694,-0.04801607,0.04801607,1.8707533,1.91887,-0.048116684,0.048116684,1.8677992,1.9199525,-0.05215335,0.05215335,1.8648449,1.919224,-0.054379106,0.054379106,1.8648449,1.9194338,-0.054588914,0.054588914,1.8648449,1.9195718,-0.05472684,0.05472684,1.8648449,1.9198294,-0.05498445,0.05498445,1.8648449,1.9200478,-0.05520284,0.05520284,1.8637371,1.9201223,-0.05638516,0.05638516,1.8633678,1.9188417,-0.055473924,0.055473924,1.859675,1.9169415,-0.057266474,0.057266474,1.8593057,1.9163829,-0.05707717,0.05707717,1.8585672,1.9159951,-0.057427883,0.057427883,0.04458229
sin,1.9708272,1.9469501,0.023877144,0.023877144,1.9627031,1.9347333,0.027969837,0.027969837,1.9438701,1.9273293,0.016540766,0.016540766,1.915805,1.9230251,-0.007220149,0.007220149,1.8881093,1.9207565,-0.032647133,0.032647133,1.875554,1.9190838,-0.043529868,0.043529868,1.8711226,1.9182919,-0.047169328,0.047169328,1.8700148,1.9184291,-0.04841435,0.04841435,1.8685377,1.9178753,-0.049337626,0.049337626,1.866322,1.9180428,-0.05172074,0.05172074,1.8637371,1.9192599,-0.0555228,0.0555228,1.8585672,1.9193882,-0.060820937,0.060820937,1.8563515,1.9187515,-0.062399983,0.062399983,1.8559823,1.9179118,-0.061929464,0.061929464,1.8552437,1.9178572,-0.06261349,0.06261349,1.8552437,1.9179604,-0.06271672,0.06271672,1.8541359,1.9181389,-0.06400299,0.06400299,1.853028,1.9166458,-0.06361771,0.06361771,1.8519202,1.9158422,-0.06392193,0.06392193,1.8515509,1.9156953,-0.06414437,0.06414437,0.048505865
sin,1.9708272,1.9475024,0.023324847,0.023324847,1.9682423,1.9348006,0.033441663,0.033441663,1.9457164,1.9270571,0.018659234,0.018659234,1.9364845,1.9236454,0.012839079,0.012839079,1.9294683,1.9222232,0.007245064,0.007245064,1.9246676,1.9205332,0.0041344166,0.0041344166,1.922452,1.9192595,0.0031924248,0.0031924248,1.8906943,1.9186357,-0.027941465,0.027941465,1.890325,1.9185603,-0.028235316,0.028235316,1.890325,1.9191024,-0.02877748,0.02877748,1.890325,1.918838,-0.028513074,0.028513074,1.890325,1.9190866,-0.028761625,0.028761625,1.890325,1.9187118,-0.028386831,0.028386831,1.8899556,1.9178935,-0.02793789,0.02793789,1.8888478,1.9179342,-0.029086351,0.029086351,1.8851551,1.9187703,-0.03361523,0.03361523,1.8844166,1.9166425,-0.032225966,0.032225966,1.8822008,1.9149907,-0.032789826,0.032789826,1.8822008,1.9145801,-0.03237927,0.03237927,1.8822008,1.9156367,-0.03343582,0.03343582,0.024746144
sin,1.9870753,1.94773,0.039345384,0.039345384,1.981167,1.9363422,0.04482472,0.04482472,1.9283605,1.9282911,6.937981e-05,6.937981e-05,1.8940177,1.9237167,-0.029698968,0.029698968,1.8677992,1.920551,-0.05275178,0.05275178,1.8659527,1.9189235,-0.052970767,0.052970767,1.8629985,1.9191232,-0.056124687,0.056124687,1.8615214,1.9198164,-0.05829501,0.05829501,1.859675,1.9208655,-0.061190486,0.061190486,1.859675,1.9205658,-0.060890794,0.060890794,1.8593057,1.9205023,-0.061196566,0.061196566,1.8589364,1.9187608,-0.059824347,0.059824347,1.8570901,1.9182098,-0.061119676,0.061119676,1.8570901,1.9183207,-0.06123054,0.06123054,1.855613,1.91911,-0.06349695,0.06349695,1.8548745,1.9186575,-0.06378305,0.06378305,1.8545052,1.9173331,-0.062827945,0.062827945,1.853028,1.9157985,-0.062770486,0.062770486,1.853028,1.9148057,-0.06177759,0.06177759,1.8526587,1.9148524,-0.062193632,0.062193632,0.05381914
sin,1.9627031,1.947417,0.015286088,0.015286088,1.9512556,1.9356301,0.015625477,0.015625477,1.896972,1.9275497,-0.030577779,0.030577779,1.8925406,1.9228388,-0.030298233,0.030298233,1.875554,1.9205811,-0.045027137,0.045027137,1.8707533,1.9194779,-0.04872465,0.04872465,1.8670605,1.9191782,-0.052117705,0.052117705,1.8648449,1.9193691,-0.054524183,0.054524183,1.8615214,1.918587,-0.057065606,0.057065606,1.859675,1.9184381,-0.058763027,0.058763027,1.859675,1.9176099,-0.05793488,0.05793488,1.8585672,1.9176267,-0.0590595,0.0590595,1.8585672,1.9184372,-0.059870005,0.059870005,1.8585672,1.9180223,-0.059455037,0.059455037,1.8585672,1.9180806,-0.05951333,0.05951333,1.8585672,1.9184849,-0.05991769,0.05991769,1.8585672,1.9176464,-0.05907917,0.05907917,1.8574594,1.9165561,-0.059096694,0.059096694,1.8574594,1.9157207,-0.058261275,0.058261275,1.8567208,1.9162749,-0.0595541,0.0595541,0.049987577
sin,1.9627031,1.9463259,0.01637721,0.01637721,1.9239291,1.9334123,-0.009483218,0.009483218,1.9183899,1.9267726,-0.008382678,0.008382678,1.9143279,1.9228026,-0.008474708,0.008474708,1.91322,1.921527,-0.00830698,0.00830698,1.9117429,1.9216492,-0.009906292,0.009906292,1.9069424,1.9217806,-0.014838219,0.014838219,1.9054652,1.9210727,-0.015607476,0.015607476,1.9039882,1.9208113,-0.016823053,0.016823053,1.9028803,1.9210987,-0.018218398,0.018218398,1.9025111,1.9206891,-0.018177986,0.018177986,1.9025111,1.9203193,-0.017808199,0.017808199,1.9021418,1.9200373,-0.01789546,0.01789546,1.9021418,1.9191536,-0.017011762,0.017011762,1.9021418,1.9191049,-0.016963124,0.016963124,1.9021418,1.9185753,-0.016433477,0.016433477,1.9021418,1.9189715,-0.01682973,0.01682973,1.9021418,1.9177905,-0.015648723,0.015648723,1.8825701,1.9159971,-0.033427,0.033427,1.8692762,1.915449,-0.046172857,0.046172857,0.017139327
sin,1.9627031,1.9470191,0.015684009,0.015684009,1.9623338,1.9345791,0.027754664,0.027754664,1.9486706,1.9274316,0.021239042,0.021239042,1.9146972,1.9229861,-0.0082889795,0.0082889795,1.9139587,1.9208593,-0.006900668,0.006900668,1.9095273,1.9208285,-0.01130116,0.01130116,1.8870015,1.919404,-0.032402515,0.032402515,1.8858937,1.9187381,-0.032844424,0.032844424,1.8722304,1.9182215,-0.045991063,0.045991063,1.8677992,1.9182117,-0.050412536,0.050412536,1.8670605,1.9188658,-0.051805258,0.051805258,1.8641063,1.9194047,-0.055298448,0.055298448,1.8633678,1.9187846,-0.055416822,0.055416822,1.8633678,1.9181695,-0.054801702,0.054801702,1.8633678,1.9185342,-0.055166364,0.055166364,1.8633678,1.9168988,-0.05353105,0.05353105,1.8629985,1.9159502,-0.052951694,0.052951694,1.8629985,1.9155288,-0.05253029,0.05253029,1.8593057,1.914838,-0.055532217,0.055532217,1.8593057,1.9152725,-0.055966735,0.055966735,0.03979098
sin,1.9708272,1.9471071,0.023720145,0.023720145,1.9682423,1.9344982,0.033744097,0.033744097,1.9228213,1.9271834,-0.0043621063,0.0043621063,1.8921714,1.9224997,-0.030328274,0.030328274,1.8884786,1.9199787,-0.0315001,0.0315001,1.8884786,1.9184823,-0.030003667,0.030003667,1.8807238,1.9185369,-0.037813067,0.037813067,1.8807238,1.9189458,-0.038221955,0.038221955,1.8807238,1.9196585,-0.038934708,0.038934708,1.8807238,1.9196317,-0.038907886,0.038907886,1.8807238,1.9185319,-0.03780806,0.03780806,1.8799852,1.9185826,-0.038597345,0.038597345,1.8799852,1.9184691,-0.038483858,0.038483858,1.8792467,1.9176819,-0.03843522,0.03843522,1.8792467,1.917495,-0.0382483,0.0382483,1.8792467,1.9164975,-0.037250757,0.037250757,1.8792467,1.9163814,-0.037134647,0.037134647,1.8792467,1.9160758,-0.036829114,0.036829114,1.8766618,1.9154228,-0.03876102,0.03876102,1.8703841,1.9169166,-0.04653251,0.04653251,0.03478084
sin,1.9627031,1.946446,0.016257167,0.016257167,1.9490399,1.9340727,0.014967203,0.014967203,1.947932,1.9275776,0.02035439,0.02035439,1.9139587,1.9230044,-0.00904572,0.00904572,1.91322,1.9209166,-0.0076965094,0.0076965094,1.8862629,1.9201455,-0.033882618,0.033882618,1.8851551,1.9198322,-0.034677148,0.034677148,1.8818316,1.9208078,-0.038976192,0.038976192,1.8703841,1.9207588,-0.050374746,0.050374746,1.8692762,1.9209135,-0.051637292,0.051637292,1.868907,1.9194196,-0.05051267,0.05051267,1.8637371,1.9195424,-0.055805326,0.055805326,1.8611522,1.9201622,-0.05901003,0.05901003,1.8589364,1.9190558,-0.06011939,0.06011939,1.8578286,1.9187539,-0.060925245,0.060925245,1.8574594,1.9184611,-0.06100166,0.06100166,1.8559823,1.9166181,-0.060635805,0.060635805,1.8559823,1.9157237,-0.059741378,0.059741378,1.8548745,1.9153736,-0.060499072,0.060499072,1.8548745,1.9155278,-0.06065333,0.06065333,0.043338645
sin,1.9870753,1.947549,0.039526343,0.039526343,1.9560561,1.9356164,0.020439744,0.020439744,1.9375923,1.9276679,0.009924412,0.009924412,1.8966026,1.9232484,-0.02664578,0.02664578,1.890325,1.9214371,-0.031112194,0.031112194,1.8855244,1.9199291,-0.034404755,0.034404755,1.883678,1.9195579,-0.03587997,0.03587997,1.8833088,1.9188104,-0.0355016,0.0355016,1.8833088,1.9186659,-0.035357118,0.035357118,1.8833088,1.9187843,-0.035475492,0.035475492,1.8733382,1.9185706,-0.045232415,0.045232415,1.8685377,1.919554,-0.05101633,0.05101633,1.86226,1.9190147,-0.05675471,0.05675471,1.8604136,1.9188519,-0.0584383,0.0584383,1.8593057,1.9186201,-0.05931437,0.05931437,1.8574594,1.9177575,-0.060298085,0.060298085,1.8559823,1.9166625,-0.06068015,0.06068015,1.855613,1.9162339,-0.060620904,0.060620904,1.8552437,1.9151077,-0.059864044,0.059864044,1.8548745,1.9158171,-0.06094265,0.06094265,0.04387147
sin,1.9649187,1.9479735,0.016945243,0.016945243,1.9560561,1.9358175,0.020238638,0.020238638,1.9542098,1.9275625,0.02664733,0.02664733,1.9460857,1.9227599,0.0233258,0.0233258,1.8884786,1.9202368,-0.03175819,0.03175819,1.8833088,1.9190862,-0.03577745,0.03577745,1.8774003,1.9185904,-0.041190147,0.041190147,1.8762925,1.9182471,-0.041954637,0.041954637,1.8762925,1.9181477,-0.041855216,0.041855216,1.8666912,1.9183975,-0.051706314,0.051706314,1.866322,1.918165,-0.051842928,0.051842928,1.8615214,1.9187909,-0.057269573,0.057269573,1.8607829,1.918743,-0.057960153,0.057960153,1.8607829,1.9183012,-0.057518363,0.057518363,1.8607829,1.9176264,-0.05684352,0.05684352,1.8607829,1.9171709,-0.05638802,0.05638802,1.8600444,1.9161165,-0.056072116,0.056072116,1.8600444,1.915503,-0.055458665,0.055458665,1.8600444,1.9139719,-0.05392754,0.05392754,1.8593057,1.9144856,-0.055179834,0.055179834,0.044492982
sin,1.9268833,1.9471803,-0.020296931,0.020296931,1.9217135,1.9343504,-0.0126369,0.0126369,1.9128509,1.9270163,-0.014165401,0.014165401,1.883678,1.9234332,-0.039755225,0.039755225,1.8792467,1.9216626,-0.042415857,0.042415857,1.8781389,1.9198186,-0.04167974,0.04167974,1.8733382,1.9182358,-0.044897556,0.044897556,1.8648449,1.9181756,-0.05333066,0.05333066,1.8648449,1.9186273,-0.053782344,0.053782344,1.8648449,1.9185213,-0.053676367,0.053676367,1.86226,1.9185545,-0.05629456,0.05629456,1.8615214,1.9187154,-0.057193995,0.057193995,1.8615214,1.9188627,-0.057341337,0.057341337,1.8615214,1.9191842,-0.057662845,0.057662845,1.8615214,1.9180871,-0.05656576,0.05656576,1.8607829,1.9169524,-0.05616951,0.05616951,1.8600444,1.9165088,-0.056464434,0.056464434,1.8600444,1.9164779,-0.05643356,0.05643356,1.8600444,1.9151442,-0.055099845,0.055099845,1.8600444,1.9154563,-0.055411935,0.055411935,0.047063738
sin,1.9870753,1.948653,0.038422346,0.038422346,1.981167,1.9369708,0.04419613,0.04419613,1.978582,1.9293118,0.049270272,0.049270272,1.929099,1.9244096,0.004689336,0.004689336,1.9102659,1.9213113,-0.011045337,0.011045337,1.9054652,1.9206338,-0.015168548,0.015168548,1.9047267,1.9204785,-0.01575172,0.01575172,1.9043574,1.9204484,-0.01609099,0.01609099,1.9021418,1.9207673,-0.018625498,0.018625498,1.9006647,1.9201075,-0.019442797,0.019442797,1.9002954,1.918638,-0.018342614,0.018342614,1.875554,1.9176434,-0.042089462,0.042089462,1.8707533,1.9177365,-0.046983242,0.046983242,1.8685377,1.918005,-0.049467325,0.049467325,1.866322,1.9183898,-0.052067757,0.052067757,1.8655834,1.9177772,-0.05219376,0.05219376,1.8563515,1.9171388,-0.06078732,0.06078732,1.8559823,1.9160259,-0.060043573,0.060043573,1.855613,1.9144886,-0.05887556,0.05887556,1.855613,1.9152175,-0.059604526,0.059604526,0.036657907
sin,1.9649187,1.9471768,0.017741919,0.017741919,1.9471935,1.9340991,0.013094425,0.013094425,1.9427621,1.9273881,0.015374064,0.015374064,1.942393,1.9243556,0.01803732,0.01803732,1.9420236,1.9225187,0.019504905,0.019504905,1.939808,1.9207437,0.019064307,0.019064307,1.9309454,1.9207702,0.010175228,0.010175228,1.9250369,1.9204779,0.00455904,0.00455904,1.8881093,1.9198517,-0.031742334,0.031742334,1.8725997,1.9197078,-0.047108054,0.047108054,1.8711226,1.9190283,-0.047905684,0.047905684,1.8703841,1.9196405,-0.049256444,0.049256444,1.8652142,1.9187473,-0.053533077,0.053533077,1.8626293,1.9188199,-0.05619061,0.05619061,1.8626293,1.9184287,-0.055799365,0.055799365,1.8626293,1.9176615,-0.055032253,0.055032253,1.8618907,1.9169165,-0.055025816,0.055025816,1.8607829,1.9168749,-0.056092024,0.056092024,1.8593057,1.9148448,-0.055539012,0.055539012,1.8567208,1.915699,-0.0589782,0.0589782,0.036987703
sin,1.9708272,1.9470336,0.023793578,0.023793578,1.9627031,1.9348042,0.027898908,0.027898908,1.9627031,1.9277065,0.03499663,0.03499663,1.9582717,1.9237881,0.03448367,0.03448367,1.9150665,1.9211621,-0.006095648,0.006095648,1.88774,1.9190483,-0.031308293,0.031308293,1.8818316,1.9186215,-0.036789894,0.036789894,1.8818316,1.9194777,-0.037646055,0.037646055,1.8792467,1.9191682,-0.039921522,0.039921522,1.8781389,1.9194098,-0.041270852,0.041270852,1.8781389,1.9191834,-0.041044474,0.041044474,1.8781389,1.9186826,-0.040543675,0.040543675,1.8781389,1.9191403,-0.04100144,0.04100144,1.8781389,1.9186715,-0.04053259,0.04053259,1.8781389,1.918202,-0.040063143,0.040063143,1.8781389,1.9178047,-0.03966582,0.03966582,1.8781389,1.9166527,-0.03851378,0.03851378,1.8781389,1.9152026,-0.037063718,0.037063718,1.8737075,1.9140496,-0.040342093,0.040342093,1.8681684,1.9146295,-0.046461105,0.046461105,0.035971843
sin,1.9708272,1.9472672,0.023560047,0.023560047,1.9483013,1.9341395,0.014161825,0.014161825,1.901034,1.9265493,-0.025515318,0.025515318,1.8977104,1.9224521,-0.02474165,0.02474165,1.8925406,1.9203933,-0.027852774,0.027852774,1.8822008,1.9197726,-0.037571788,0.037571788,1.8785081,1.9188901,-0.040382028,0.040382028,1.8774003,1.9188539,-0.0414536,0.0414536,1.8674299,1.9189802,-0.05155039,0.05155039,1.8644756,1.9187315,-0.054255843,0.054255843,1.8615214,1.9192783,-0.0577569,0.0577569,1.8570901,1.9189625,-0.061872363,0.061872363,1.8563515,1.9194018,-0.06305027,0.06305027,1.8563515,1.9192004,-0.062848926,0.062848926,1.8537666,1.9182317,-0.064465165,0.064465165,1.8537666,1.9177998,-0.06403327,0.06403327,1.8537666,1.9170897,-0.06332314,0.06332314,1.8537666,1.9167362,-0.062969685,0.062969685,1.8537666,1.915879,-0.06211245,0.06211245,1.8537666,1.9171593,-0.06339276,0.06339276,0.04834351
sin,1.9708272,1.9470298,0.023797393,0.023797393,1.9627031,1.9348409,0.027862191,0.027862191,1.9627031,1.9286437,0.034059405,0.034059405,1.915805,1.9243271,-0.008522153,0.008522153,1.8873707,1.921303,-0.03393233,0.03393233,1.883678,1.9198618,-0.036183834,0.036183834,1.8792467,1.9202541,-0.0410074,0.0410074,1.8737075,1.9200047,-0.046297193,0.046297193,1.8644756,1.9192165,-0.054740906,0.054740906,1.8629985,1.9187762,-0.05577767,0.05577767,1.8615214,1.9183685,-0.056847095,0.056847095,1.8589364,1.9191855,-0.06024909,0.06024909,1.8567208,1.91817,-0.06144917,0.06144917,1.8567208,1.9181442,-0.06142342,0.06142342,1.855613,1.9179661,-0.062353134,0.062353134,1.8548745,1.9173331,-0.062458634,0.062458634,1.8533974,1.916073,-0.062675595,0.062675595,1.853028,1.9154923,-0.062464237,0.062464237,1.853028,1.9150779,-0.062049866,0.062049866,1.853028,1.9167162,-0.06368816,0.06368816,0.048891943
sin,1.9708272,1.9474696,0.02335763,0.02335763,1.9483013,1.9344451,0.013856173,0.013856173,1.9390694,1.927789,0.011280417,0.011280417,1.9320532,1.9246788,0.007374406,0.007374406,1.8936485,1.9219753,-0.02832675,0.02832675,1.8925406,1.9213228,-0.028782248,0.028782248,1.8910636,1.9207553,-0.029691696,0.029691696,1.8906943,1.919249,-0.028554797,0.028554797,1.8870015,1.9185381,-0.03153658,0.03153658,1.8870015,1.9181076,-0.031106114,0.031106114,1.8774003,1.9181682,-0.040767908,0.040767908,1.8740768,1.9191314,-0.045054555,0.045054555,1.8718611,1.9181881,-0.046326995,0.046326995,1.8585672,1.9170928,-0.058525562,0.058525562,1.8585672,1.9166462,-0.058079004,0.058079004,1.8585672,1.9159487,-0.05738151,0.05738151,1.8552437,1.9158244,-0.06058073,0.06058073,1.8545052,1.9156682,-0.061163068,0.061163068,1.8545052,1.915704,-0.06119883,0.06119883,1.853028,1.9166743,-0.0636462,0.0636462,0.03932956
sin,1.9708272,1.9476924,0.023134828,0.023134828,1.965288,1.9360152,0.029272795,0.029272795,1.9556868,1.928606,0.027080774,0.027080774,1.9364845,1.9251201,0.011364341,0.011364341,1.9346381,1.9221123,0.012525797,0.012525797,1.9309454,1.9216974,0.009248018,0.009248018,1.9302068,1.9209951,0.009211659,0.009211659,1.9246676,1.9208293,0.0038383007,0.0038383007,1.9228213,1.921164,0.0016572475,0.0016572475,1.9209749,1.9197327,0.0012421608,0.0012421608,1.9176514,1.9199176,-0.0022661686,0.0022661686,1.9169128,1.9205558,-0.003643036,0.003643036,1.9169128,1.9200754,-0.0031626225,0.0031626225,1.9165436,1.9186108,-0.0020672083,0.0020672083,1.8840473,1.9174855,-0.033438206,0.033438206,1.8840473,1.9172412,-0.033193946,0.033193946,1.8840473,1.9164962,-0.032448888,0.032448888,1.8829395,1.9153497,-0.032410264,0.032410264,1.8748153,1.9144852,-0.03966987,0.03966987,1.8703841,1.9156971,-0.045313,0.045313,0.017809456
sin,1.9627031,1.9475131,0.015190005,0.015190005,1.9512556,1.9357878,0.015467763,0.015467763,1.8999262,1.9282249,-0.028298736,0.028298736,1.8980798,1.9250817,-0.027001977,0.027001977,1.8940177,1.9219836,-0.027965903,0.027965903,1.8929099,1.9199519,-0.027042031,0.027042031,1.8906943,1.9197903,-0.029096007,0.029096007,1.8862629,1.919206,-0.03294313,0.03294313,1.8855244,1.9197403,-0.034215927,0.034215927,1.883678,1.919518,-0.035840034,0.035840034,1.8833088,1.9200155,-0.036706686,0.036706686,1.8829395,1.9196883,-0.036748886,0.036748886,1.8818316,1.9200958,-0.038264155,0.038264155,1.881093,1.919452,-0.038358927,0.038358927,1.881093,1.9188486,-0.03775561,0.03775561,1.8807238,1.9186019,-0.037878036,0.037878036,1.8807238,1.9185278,-0.037804008,0.037804008,1.8807238,1.9169776,-0.03625381,0.03625381,1.8803545,1.9165471,-0.036192536,0.036192536,1.8803545,1.9162359,-0.0358814,0.0358814,0.03224528
sin,1.9708272,1.9474486,0.02337861,0.02337861,1.9483013,1.934465,0.013836265,0.013836265,1.901034,1.9270455,-0.026011467,0.026011467,1.8977104,1.9238667,-0.026156306,0.026156306,1.8873707,1.921508,-0.03413725,0.03413725,1.8788774,1.9204736,-0.041596174,0.041596174,1.868907,1.9193561,-0.050449133,0.050449133,1.8685377,1.9196956,-0.05115795,0.05115795,1.866322,1.9194459,-0.05312383,0.05312383,1.866322,1.9199696,-0.05364752,0.05364752,1.8629985,1.9193499,-0.056351423,0.056351423,1.859675,1.9192774,-0.05960238,0.05960238,1.8574594,1.9192791,-0.061819673,0.061819673,1.8545052,1.9179054,-0.06340027,0.06340027,1.8545052,1.9170772,-0.062572,0.062572,1.8541359,1.9172283,-0.06309247,0.06309247,1.853028,1.9180384,-0.06501031,0.06501031,1.8522896,1.9167671,-0.06447756,0.06447756,1.8519202,1.9158816,-0.06396139,0.06396139,1.8519202,1.9171623,-0.06524205,0.06524205,0.049951203
sin,1.9268833,1.9472737,-0.020390391,0.020390391,1.8921714,1.9338405,-0.04166913,0.04166913,1.8884786,1.9261577,-0.037679076,0.037679076,1.8844166,1.9221871,-0.03777051,0.03777051,1.8740768,1.9206467,-0.046569824,0.046569824,1.8740768,1.9200857,-0.046008825,0.046008825,1.8733382,1.9204757,-0.0471375,0.0471375,1.8733382,1.9205537,-0.04721546,0.04721546,1.8677992,1.9209157,-0.05311656,0.05311656,1.8607829,1.9200411,-0.059258223,0.059258223,1.8604136,1.9198021,-0.05938852,0.05938852,1.8585672,1.9205427,-0.06197548,0.06197548,1.8581979,1.9203377,-0.06213975,0.06213975,1.8581979,1.9191812,-0.0609833,0.0609833,1.8578286,1.9191678,-0.06133914,0.06133914,1.8574594,1.9182769,-0.06081748,0.06081748,1.8570901,1.9168901,-0.05980003,0.05980003,1.8570901,1.9154662,-0.058376074,0.058376074,1.8570901,1.9144987,-0.05740857,0.05740857,1.8570901,1.915939,-0.058848858,0.058848858,0.051894635
sin,1.9708272,1.9470024,0.023824811,0.023824811,1.9483013,1.933415,0.01488626,0.01488626,1.9390694,1.9261925,0.012876868,0.012876868,1.9364845,1.9230213,0.0134631395,0.0134631395,1.9364845,1.9210075,0.015476942,0.015476942,1.9364845,1.9203948,0.016089678,0.016089678,1.9364845,1.9196508,0.016833663,0.016833663,1.9095273,1.9194518,-0.009924531,0.009924531,1.8866322,1.9190462,-0.03241396,0.03241396,1.8855244,1.9188644,-0.033339977,0.033339977,1.8822008,1.919679,-0.03747821,0.03747821,1.8751847,1.9194164,-0.044231772,0.044231772,1.8751847,1.9200104,-0.044825792,0.044825792,1.8700148,1.9193451,-0.049330354,0.049330354,1.8685377,1.9184206,-0.04988289,0.04988289,1.859675,1.9170048,-0.057329774,0.057329774,1.8578286,1.9162107,-0.058382034,0.058382034,1.8574594,1.9157455,-0.05828607,0.05828607,1.8567208,1.915878,-0.059157252,0.059157252,1.855613,1.9157767,-0.060163736,0.060163736,0.035409886
sin,1.9649187,1.9479979,0.016920805,0.016920805,1.9471935,1.9351333,0.012060165,0.012060165,1.9471935,1.928195,0.018998504,0.018998504,1.9416543,1.924543,0.017111301,0.017111301,1.9161743,1.9213406,-0.005166292,0.005166292,1.8866322,1.9195591,-0.032926917,0.032926917,1.8785081,1.9190766,-0.04056847,0.04056847,1.8785081,1.9188373,-0.040329218,0.040329218,1.866322,1.9184204,-0.052098393,0.052098393,1.8637371,1.917956,-0.05421889,0.05421889,1.8637371,1.9181144,-0.054377317,0.054377317,1.8626293,1.9182875,-0.05565822,0.05565822,1.8611522,1.9177339,-0.056581736,0.056581736,1.8600444,1.9174778,-0.057433486,0.057433486,1.8589364,1.917494,-0.05855763,0.05855763,1.8581979,1.918042,-0.059844017,0.059844017,1.8563515,1.9168879,-0.060536385,0.060536385,1.8559823,1.9157482,-0.059765935,0.059765935,1.855613,1.9142046,-0.058591604,0.058591604,1.8541359,1.9153025,-0.061166644,0.061166644,0.043645598
sin,1.9268833,1.9467398,-0.019856453,0.019856453,1.9143279,1.9342815,-0.019953609,0.019953609,1.9080502,1.9271247,-0.01907456,0.01907456,1.907681,1.9235961,-0.015915155,0.015915155,1.907681,1.9218498,-0.0141688585,0.0141688585,1.907681,1.921762,-0.014081001,0.014081001,1.901034,1.920949,-0.019914985,0.019914985,1.896972,1.9211105,-0.02413857,0.02413857,1.8895864,1.9198068,-0.03022039,0.03022039,1.8888478,1.9197165,-0.03086865,0.03086865,1.8873707,1.9189494,-0.03157866,0.03157866,1.8873707,1.9194257,-0.03205502,0.03205502,1.8844166,1.9191232,-0.034706593,0.034706593,1.8604136,1.9192321,-0.05881858,0.05881858,1.8593057,1.918253,-0.058947206,0.058947206,1.8589364,1.917263,-0.058326602,0.058326602,1.8581979,1.9161801,-0.057982206,0.057982206,1.8581979,1.9146519,-0.056453943,0.056453943,1.8574594,1.9140316,-0.0565722,0.0565722,1.8570901,1.9161549,-0.059064746,0.059064746,0.035634898
sin,1.9268833,1.9468608,-0.01997745,0.01997745,1.9217135,1.9340961,-0.0123826265,0.0123826265,1.9217135,1.9268271,-0.0051136017,0.0051136017,1.9128509,1.9228997,-0.010048866,0.010048866,1.883678,1.9210263,-0.03734839,0.03734839,1.8829395,1.91893,-0.035990596,0.035990596,1.8799852,1.9179794,-0.037994146,0.037994146,1.8714919,1.9182675,-0.04677558,0.04677558,1.8692762,1.9187777,-0.04950154,0.04950154,1.8692762,1.9187211,-0.049444914,0.049444914,1.8692762,1.9194978,-0.05022168,0.05022168,1.8659527,1.9203808,-0.0544281,0.0544281,1.8637371,1.9204664,-0.056729317,0.056729317,1.8629985,1.920751,-0.05775249,0.05775249,1.859675,1.9193856,-0.059710503,0.059710503,1.859675,1.9190687,-0.059393644,0.059393644,1.859675,1.9187709,-0.05909586,0.05909586,1.859675,1.9168719,-0.057196856,0.057196856,1.859675,1.9163206,-0.056645513,0.056645513,1.859675,1.91634,-0.056664944,0.056664944,0.043620832
sin,1.9627031,1.9473281,0.015375018,0.015375018,1.905096,1.9347092,-0.029613137,0.029613137,1.8947563,1.9282937,-0.033537388,0.033537388,1.8914328,1.9252763,-0.033843517,0.033843517,1.8777696,1.9224955,-0.044725895,0.044725895,1.877031,1.9218705,-0.0448395,0.0448395,1.8751847,1.9202933,-0.045108676,0.045108676,1.8751847,1.92002,-0.04483533,0.04483533,1.8751847,1.9192587,-0.04407406,0.04407406,1.8655834,1.9183183,-0.05273485,0.05273485,1.8641063,1.9178363,-0.05373001,0.05373001,1.8626293,1.917942,-0.055312753,0.055312753,1.8600444,1.9178469,-0.057802558,0.057802558,1.8578286,1.918696,-0.06086743,0.06086743,1.8574594,1.917538,-0.06007862,0.06007862,1.853028,1.9173993,-0.06437123,0.06437123,1.8519202,1.9168413,-0.06492102,0.06492102,1.8519202,1.9165201,-0.06459987,0.06459987,1.8515509,1.9153417,-0.0637908,0.0637908,1.8515509,1.9166242,-0.06507325,0.06507325,0.049961746
sin,1.9649187,1.9478176,0.017101169,0.017101169,1.9560561,1.9355673,0.020488858,0.020488858,1.9483013,1.927742,0.02055931,0.02055931,1.890325,1.9236088,-0.03328383,0.03328383,1.8751847,1.921279,-0.0460943,0.0460943,1.8718611,1.919853,-0.04799187,0.04799187,1.8718611,1.919287,-0.047425866,0.047425866,1.8718611,1.9195027,-0.047641635,0.047641635,1.8674299,1.9185236,-0.051093698,0.051093698,1.866322,1.9181367,-0.051814675,0.051814675,1.8648449,1.918072,-0.053227067,0.053227067,1.8615214,1.9187216,-0.057200193,0.057200193,1.8600444,1.9201813,-0.060136914,0.060136914,1.8600444,1.9190575,-0.05901313,0.05901313,1.8585672,1.9190172,-0.060449958,0.060449958,1.8585672,1.9179916,-0.0594244,0.0594244,1.8581979,1.9166272,-0.05842924,0.05842924,1.8574594,1.9154041,-0.057944655,0.057944655,1.8567208,1.9146569,-0.057936072,0.057936072,1.8563515,1.9158471,-0.05949557,0.05949557,0.04833762
sin,1.9870753,1.9471846,0.039890766,0.039890766,1.9593797,1.9350036,0.024376035,0.024376035,1.9427621,1.9279913,0.014770865,0.014770865,1.9405465,1.9228487,0.017697811,0.017697811,1.9335303,1.9208455,0.012684822,0.012684822,1.9087888,1.9197544,-0.010965586,0.010965586,1.8862629,1.9192555,-0.0329926,0.0329926,1.8803545,1.919401,-0.039046526,0.039046526,1.8711226,1.9186041,-0.047481537,0.047481537,1.8670605,1.91821,-0.051149487,0.051149487,1.8644756,1.9187808,-0.054305196,0.054305196,1.8615214,1.9183114,-0.056789994,0.056789994,1.8615214,1.9187857,-0.057264328,0.057264328,1.8615214,1.9187179,-0.057196498,0.057196498,1.8581979,1.9188061,-0.06060815,0.06060815,1.8578286,1.9186409,-0.060812235,0.060812235,1.8574594,1.9167488,-0.059289336,0.059289336,1.8552437,1.9151667,-0.059923053,0.059923053,1.8552437,1.9146446,-0.059400916,0.059400916,1.8552437,1.9155762,-0.060332537,0.060332537,0.043848913
sin,1.9870753,1.9474496,0.039625764,0.039625764,1.9593797,1.9350682,0.024311423,0.024311423,1.9150665,1.9275438,-0.012477279,0.012477279,1.9095273,1.9237525,-0.0142252445,0.0142252445,1.9073117,1.9210615,-0.013749838,0.013749838,1.9073117,1.919795,-0.012483358,0.012483358,1.8814623,1.9188619,-0.03739953,0.03739953,1.8796159,1.9190336,-0.039417744,0.039417744,1.8792467,1.9184151,-0.039168358,0.039168358,1.8788774,1.9189049,-0.0400275,0.0400275,1.8788774,1.9201477,-0.041270256,0.041270256,1.8740768,1.9207716,-0.046694756,0.046694756,1.8711226,1.9195074,-0.048384786,0.048384786,1.8692762,1.9197028,-0.050426602,0.050426602,1.8670605,1.9191759,-0.05211532,0.05211532,1.8652142,1.9180204,-0.05280614,0.05280614,1.8648449,1.91707,-0.052225113,0.052225113,1.859675,1.9151374,-0.05546236,0.05546236,1.8578286,1.9142225,-0.05639386,0.05639386,1.8526587,1.9151001,-0.06244135,0.06244135,0.03955533
sin,1.9708272,1.9514276,0.019399643,0.019399643,1.9627031,1.9389892,0.023713946,0.023713946,1.9582717,1.9318624,0.026409388,0.026409388,1.9150665,1.9275295,-0.012462974,0.012462974,1.9128509,1.925317,-0.012466192,0.012466192,1.9080502,1.924871,-0.016820788,0.016820788,1.8999262,1.9240022,-0.024075985,0.024075985,1.8980798,1.9231365,-0.02505672,0.02505672,1.8966026,1.9231459,-0.02654326,0.02654326,1.872969,1.9230156,-0.050046563,0.050046563,1.8714919,1.9235145,-0.052022576,0.052022576,1.8681684,1.9249247,-0.056756377,0.056756377,1.8626293,1.9239805,-0.06135118,0.06135118,1.8626293,1.9238106,-0.061181307,0.061181307,1.8626293,1.9236867,-0.06105745,0.06105745,1.8626293,1.9226847,-0.060055375,0.060055375,1.8618907,1.9219046,-0.06001389,0.06001389,1.8615214,1.9219582,-0.060436845,0.060436845,1.8611522,1.9211485,-0.059996367,0.059996367,1.8611522,1.9215977,-0.060445547,0.060445547,0.04151562
sin,1.9870753,1.952531,0.03454435,0.03454435,1.981167,1.9413984,0.039768577,0.039768577,1.9283605,1.9336927,-0.0053322315,0.0053322315,1.9254062,1.9304984,-0.005092144,0.005092144,1.909158,1.92791,-0.018751979,0.018751979,1.9084195,1.9267013,-0.018281817,0.018281817,1.8999262,1.9252086,-0.025282383,0.025282383,1.8999262,1.9254646,-0.025538445,0.025538445,1.8988184,1.925067,-0.026248574,0.026248574,1.8722304,1.9243042,-0.052073836,0.052073836,1.8677992,1.924301,-0.056501865,0.056501865,1.8578286,1.9239991,-0.066170454,0.066170454,1.8574594,1.9225721,-0.06511271,0.06511271,1.8567208,1.9222021,-0.065481305,0.065481305,1.8559823,1.9230239,-0.067041636,0.067041636,1.8545052,1.9225047,-0.06799948,0.06799948,1.8545052,1.9226141,-0.06810892,0.06810892,1.8533974,1.9210482,-0.067650795,0.067650795,1.8526587,1.9189558,-0.066297054,0.066297054,1.8522896,1.9195569,-0.0672673,0.0672673,0.045427293
sin,1.9708272,1.9516833,0.019143939,0.019143939,1.9682423,1.9390858,0.029156446,0.029156446,1.9601182,1.9325726,0.027545571,0.027545571,1.9146972,1.9283973,-0.013700128,0.013700128,1.9095273,1.9265817,-0.017054439,0.017054439,1.901034,1.9249957,-0.023961663,0.023961663,1.8759232,1.9236233,-0.047700167,0.047700167,1.8737075,1.9238229,-0.050115347,0.050115347,1.8737075,1.9242042,-0.050496697,0.050496697,1.8722304,1.923694,-0.051463604,0.051463604,1.8707533,1.923336,-0.05258274,0.05258274,1.8692762,1.9229763,-0.05370009,0.05370009,1.8666912,1.9239472,-0.057255983,0.057255983,1.8615214,1.9233322,-0.06181085,0.06181085,1.8611522,1.9225216,-0.06136942,0.06136942,1.8604136,1.9227365,-0.062322974,0.062322974,1.859675,1.9212172,-0.061542153,0.061542153,1.859675,1.9200491,-0.06037402,0.06037402,1.8589364,1.9198993,-0.060962915,0.060962915,1.8581979,1.9203,-0.06210208,0.06210208,0.04621806
sin,1.9708272,1.9518242,0.019003034,0.019003034,1.9483013,1.9385374,0.009763956,0.009763956,1.9213442,1.9312288,-0.009884596,0.009884596,1.8966026,1.9274955,-0.030892849,0.030892849,1.8822008,1.9250379,-0.042837024,0.042837024,1.8785081,1.9246964,-0.046188354,0.046188354,1.8696455,1.9242144,-0.054568887,0.054568887,1.8696455,1.9248996,-0.0552541,0.0552541,1.8648449,1.9246047,-0.059759736,0.059759736,1.8641063,1.9246815,-0.060575247,0.060575247,1.8637371,1.9241626,-0.06042552,0.06042552,1.8629985,1.9244177,-0.06141925,0.06141925,1.8615214,1.9248273,-0.063305974,0.063305974,1.8615214,1.9241452,-0.06262386,0.06262386,1.8615214,1.9235204,-0.061999083,0.061999083,1.8615214,1.9219472,-0.060425878,0.060425878,1.8615214,1.9211123,-0.059590936,0.059590936,1.8611522,1.9201523,-0.059000134,0.059000134,1.8604136,1.9190235,-0.058609962,0.058609962,1.8585672,1.9196199,-0.06105268,0.06105268,0.049859054
sin,1.9268833,1.9518286,-0.02494526,0.02494526,1.9143279,1.9394548,-0.025126934,0.025126934,1.9139587,1.9323301,-0.018371463,0.018371463,1.8825701,1.9281422,-0.045572042,0.045572042,1.8807238,1.9263796,-0.045655727,0.045655727,1.8803545,1.9246601,-0.044305563,0.044305563,1.8803545,1.9240416,-0.043687105,0.043687105,1.8803545,1.9226671,-0.042312622,0.042312622,1.8762925,1.9223607,-0.04606819,0.04606819,1.875554,1.9221685,-0.046614528,0.046614528,1.875554,1.9228379,-0.047283888,0.047283888,1.875554,1.9225004,-0.046946406,0.046946406,1.875554,1.9230052,-0.047451258,0.047451258,1.875554,1.9231246,-0.047570586,0.047570586,1.875554,1.9223561,-0.046802163,0.046802163,1.875554,1.9212936,-0.04573965,0.04573965,1.875554,1.9209393,-0.04538536,0.04538536,1.875554,1.9204128,-0.044858813,0.044858813,1.875554,1.9194876,-0.04393363,0.04393363,1.875554,1.9205643,-0.04501033,0.04501033,0.042182077
sin,1.9870753,1.952141,0.034934282,0.034934282,1.9176514,1.939974,-0.022322536,0.022322536,1.8881093,1.9328859,-0.04477656,0.04477656,1.8825701,1.9289966,-0.046426415,0.046426415,1.8703841,1.9259806,-0.05559647,0.05559647,1.8703841,1.924489,-0.054104924,0.054104924,1.8659527,1.9243975,-0.05844474,0.05844474,1.8652142,1.9242477,-0.059033513,0.059033513,1.8652142,1.9236603,-0.05844605,0.05844605,1.8652142,1.9242333,-0.05901909,0.05901909,1.8648449,1.9239933,-0.05914843,0.05914843,1.8626293,1.924413,-0.06178367,0.06178367,1.8615214,1.9227409,-0.061219573,0.061219573,1.8589364,1.9220562,-0.06311977,0.06311977,1.8589364,1.9217813,-0.06284487,0.06284487,1.8570901,1.9219478,-0.06485772,0.06485772,1.8559823,1.9226347,-0.06665242,0.06665242,1.8559823,1.9214717,-0.06548941,0.06548941,1.8545052,1.9205647,-0.06605947,0.06605947,1.8526587,1.9213364,-0.068677664,0.068677664,0.05664788
sin,1.9708272,1.9517634,0.01906383,0.01906383,1.9505169,1.9393896,0.011127353,0.011127353,1.9460857,1.932037,0.014048696,0.014048696,1.8973413,1.9272157,-0.029874444,0.029874444,1.8914328,1.9249079,-0.03347516,0.03347516,1.8884786,1.9241103,-0.035631657,0.035631657,1.8884786,1.9236366,-0.03515792,0.03515792,1.8766618,1.9235109,-0.04684913,0.04684913,1.8759232,1.922588,-0.046664834,0.046664834,1.8759232,1.9222231,-0.046299934,0.046299934,1.8737075,1.9220078,-0.048300266,0.048300266,1.8714919,1.9222693,-0.050777435,0.050777435,1.8711226,1.9229072,-0.051784635,0.051784635,1.8696455,1.9234909,-0.053845406,0.053845406,1.8696455,1.9228215,-0.053176045,0.053176045,1.8696455,1.9227726,-0.05312717,0.05312717,1.8696455,1.9217194,-0.052073956,0.052073956,1.8674299,1.9202459,-0.052816033,0.052816033,1.8652142,1.9187745,-0.053560257,0.053560257,1.8652142,1.9195853,-0.05437112,0.05437112,0.042101264
sin,1.9870753,1.9525135,0.034561872,0.034561872,1.9542098,1.9398321,0.014377713,0.014377713,1.9460857,1.9329623,0.013123393,0.013123393,1.9442393,1.9284854,0.015753865,0.015753865,1.9372231,1.9268504,0.010372639,0.010372639,1.8914328,1.924762,-0.03332925,0.03332925,1.8829395,1.9234381,-0.040498614,0.040498614,1.8774003,1.923229,-0.0458287,0.0458287,1.8751847,1.9231883,-0.048003674,0.048003674,1.8648449,1.9223739,-0.057528973,0.057528973,1.8618907,1.9227183,-0.060827613,0.060827613,1.8600444,1.9241772,-0.06413281,0.06413281,1.8593057,1.9240005,-0.06469476,0.06469476,1.8574594,1.9233305,-0.06587112,0.06587112,1.8570901,1.9226505,-0.06556034,0.06556034,1.8559823,1.9220973,-0.06611502,0.06611502,1.8545052,1.9214888,-0.06698358,0.06698358,1.8545052,1.9204644,-0.065959215,0.065959215,1.8545052,1.9193285,-0.06482327,0.06482327,1.8537666,1.9209185,-0.067151904,0.067151904,0.048274916
